{"cameraMode":{"drawMode":0,"name":"Shaded","section":"Shading Mode"},"sceneLighting":false,"audioPlay":false,"sceneViewState":{"showFog":true,"showMaterialUpdate":false,"showSkybox":false,"showFlares":true,"showImageEffects":true,"showParticleSystems":true},"in2DMode":false,"pivot":{"x":-6.80596923828125,"y":3.333303213119507,"z":-4.992884159088135},"rotation":{"x":0.15734383463859559,"y":-0.5659070611000061,"z":0.11107116937637329,"w":0.8016579151153565},"size":6.6535749435424809,"orthographic":false}