{"cameraMode":{"drawMode":0,"name":"Shaded","section":"Shading Mode"},"sceneLighting":false,"audioPlay":false,"sceneViewState":{"showFog":true,"showMaterialUpdate":false,"showSkybox":false,"showFlares":true,"showImageEffects":true,"showParticleSystems":true},"in2DMode":false,"pivot":{"x":-1.1240328550338746,"y":2.2569997310638429,"z":0.9559997320175171},"rotation":{"x":0.15734383463859559,"y":-0.5659070611000061,"z":0.11107116937637329,"w":0.8016579151153565},"size":8.885398864746094,"orthographic":false}