{"cameraMode":{"drawMode":0,"name":"Shaded","section":"Shading Mode"},"sceneLighting":false,"audioPlay":false,"sceneViewState":{"showFog":true,"showMaterialUpdate":false,"showSkybox":false,"showFlares":true,"showImageEffects":true,"showParticleSystems":true},"in2DMode":false,"pivot":{"x":-5.337072372436523,"y":2.0018811225891115,"z":-0.34624409675598147},"rotation":{"x":0.11104399710893631,"y":-0.025030238553881646,"z":0.002796483924612403,"w":0.9934963583946228},"size":11.153244018554688,"orthographic":false}