{"cameraMode":{"drawMode":0,"name":"Shaded","section":"Shading Mode"},"sceneLighting":false,"audioPlay":false,"sceneViewState":{"showFog":true,"showMaterialUpdate":false,"showSkybox":false,"showFlares":true,"showImageEffects":true,"showParticleSystems":true},"in2DMode":false,"pivot":{"x":1.9014737606048585,"y":-1.2694412469863892,"z":8.345762252807618},"rotation":{"x":0.2452618032693863,"y":0.011934693902730942,"z":-0.0030207703821361067,"w":0.9693787693977356},"size":22.660232543945314,"orthographic":false}