{"cameraMode":{"drawMode":0,"name":"Shaded","section":"Shading Mode"},"sceneLighting":true,"audioPlay":false,"sceneViewState":{"showFog":true,"showMaterialUpdate":false,"showSkybox":false,"showFlares":true,"showImageEffects":true,"showParticleSystems":true},"in2DMode":false,"pivot":{"x":-6.408788204193115,"y":1.2945094108581544,"z":-1.3638887405395508},"rotation":{"x":0.2452618032693863,"y":0.011934693902730942,"z":-0.0030207703821361067,"w":0.9693787693977356},"size":7.89948844909668,"orthographic":false}