{"cameraMode":{"drawMode":0,"name":"Shaded","section":"Shading Mode"},"sceneLighting":false,"audioPlay":false,"sceneViewState":{"showFog":true,"showMaterialUpdate":false,"showSkybox":false,"showFlares":true,"showImageEffects":true,"showParticleSystems":true},"in2DMode":false,"pivot":{"x":2.0940001010894777,"y":0.17489998042583466,"z":16.05299949645996},"rotation":{"x":-0.14279712736606599,"y":0.7175326347351074,"z":-0.1542895883321762,"w":-0.6640412211418152},"size":3.498918294906616,"orthographic":false}