{"cameraMode":{"drawMode":0,"name":"Shaded","section":"Shading Mode"},"sceneLighting":false,"audioPlay":false,"sceneViewState":{"showFog":true,"showMaterialUpdate":false,"showSkybox":false,"showFlares":true,"showImageEffects":true,"showParticleSystems":true},"in2DMode":false,"pivot":{"x":7.733774185180664,"y":-0.0891297459602356,"z":5.951744556427002},"rotation":{"x":0.15734383463859559,"y":-0.5659070611000061,"z":0.11107116937637329,"w":0.8016579151153565},"size":13.40042495727539,"orthographic":false}