{"cameraMode":{"drawMode":0,"name":"Shaded","section":"Shading Mode"},"sceneLighting":false,"audioPlay":false,"sceneViewState":{"showFog":true,"showMaterialUpdate":false,"showSkybox":false,"showFlares":true,"showImageEffects":true,"showParticleSystems":true},"in2DMode":false,"pivot":{"x":0.007500000298023224,"y":1.1249998807907105,"z":1.5682497024536133},"rotation":{"x":0.15593300759792329,"y":-0.3151322603225708,"z":0.052572835236787799,"w":0.934672474861145},"size":6.353516578674316,"orthographic":false}