{"cameraMode":{"drawMode":0,"name":"Shaded","section":"Shading Mode"},"sceneLighting":false,"audioPlay":false,"sceneViewState":{"showFog":true,"showMaterialUpdate":false,"showSkybox":false,"showFlares":true,"showImageEffects":true,"showParticleSystems":true},"in2DMode":false,"pivot":{"x":1.504499912261963,"y":0.6245004534721375,"z":-0.13199999928474427},"rotation":{"x":0.15593300759792329,"y":-0.3151322603225708,"z":0.052572835236787799,"w":0.934672474861145},"size":5.388343334197998,"orthographic":false}