{"cameraMode":{"drawMode":0,"name":"Shaded","section":"Shading Mode"},"sceneLighting":false,"audioPlay":false,"sceneViewState":{"showFog":true,"showMaterialUpdate":false,"showSkybox":false,"showFlares":true,"showImageEffects":true,"showParticleSystems":true},"in2DMode":false,"pivot":{"x":-1.2128183841705323,"y":3.349526882171631,"z":-4.057025909423828},"rotation":{"x":0.2452618032693863,"y":0.011934693902730942,"z":-0.0030207703821361067,"w":0.9693787693977356},"size":3.4370439052581789,"orthographic":false}