{"cameraMode":{"drawMode":0,"name":"Shaded","section":"Shading Mode"},"sceneLighting":true,"audioPlay":false,"sceneViewState":{"showFog":false,"showMaterialUpdate":false,"showSkybox":false,"showFlares":false,"showImageEffects":false,"showParticleSystems":false},"in2DMode":false,"pivot":{"x":0.0,"y":0.15000000596046449,"z":-2.132999897003174},"rotation":{"x":-0.250766783952713,"y":-0.04934023693203926,"z":0.012799130752682686,"w":-0.9667046070098877},"size":3.4989168643951418,"orthographic":false}