{"cameraMode":{"drawMode":0,"name":"Shaded","section":"Shading Mode"},"sceneLighting":false,"audioPlay":false,"sceneViewState":{"showFog":true,"showMaterialUpdate":false,"showSkybox":false,"showFlares":true,"showImageEffects":true,"showParticleSystems":true},"in2DMode":false,"pivot":{"x":0.0,"y":5.445619106292725,"z":8.689998626708985},"rotation":{"x":0.2452618032693863,"y":0.011934693902730942,"z":-0.0030207703821361067,"w":0.9693787693977356},"size":118.4590835571289,"orthographic":false}