{"cameraMode":{"drawMode":0,"name":"Shaded","section":"Shading Mode"},"sceneLighting":false,"audioPlay":false,"sceneViewState":{"showFog":true,"showMaterialUpdate":false,"showSkybox":false,"showFlares":true,"showImageEffects":true,"showParticleSystems":true},"in2DMode":false,"pivot":{"x":-20.180042266845704,"y":2.287796974182129,"z":15.32535171508789},"rotation":{"x":0.2452618032693863,"y":0.011934693902730942,"z":-0.0030207703821361067,"w":0.9693787693977356},"size":32.897090911865237,"orthographic":false}