{"cameraMode":{"drawMode":0,"name":"Shaded","section":"Shading Mode"},"sceneLighting":false,"audioPlay":false,"sceneViewState":{"showFog":true,"showMaterialUpdate":false,"showSkybox":false,"showFlares":true,"showImageEffects":true,"showParticleSystems":true},"in2DMode":false,"pivot":{"x":7.74285888671875,"y":-0.0891297459602356,"z":5.953494071960449},"rotation":{"x":0.15734383463859559,"y":-0.5659070611000061,"z":0.11107116937637329,"w":0.8016579151153565},"size":13.324141502380371,"orthographic":false}